Timestamp,Market,Original_Forecast,Forecast_Value,Deviation_Points,Direction
2025-06-12 05:20:00+00:00,Oklahoma City vs Indiana Winner?,32.93%,32.93,-0.07000000000000028,DOWN
2025-06-12 05:20:00+00:00,Oklahoma City vs Indiana Winner?,32.93%,32.93,-0.07000000000000028,DOWN
2025-06-12 05:21:00+00:00,Oklahoma City vs Indiana Winner?,32.93%,32.93,-0.07000000000000028,DOWN
2025-06-12 05:21:00+00:00,Oklahoma City vs Indiana Winner?,32.93%,32.93,-0.07000000000000028,DOWN
2025-06-12 05:22:00+00:00,Oklahoma City vs Indiana Winner?,32.93%,32.93,-0.07000000000000028,DOWN
2025-06-12 05:22:00+00:00,Oklahoma City vs Indiana Winner?,32.93%,32.93,-0.07000000000000028,DOWN
2025-06-12 05:23:00+00:00,Oklahoma City vs Indiana Winner?,32.93%,32.93,-0.07000000000000028,DOWN
2025-06-12 05:23:00+00:00,Oklahoma City vs Indiana Winner?,32.93%,32.93,-0.07000000000000028,DOWN
2025-06-12 05:24:00+00:00,Oklahoma City vs Indiana Winner?,32.93%,32.93,-0.07000000000000028,DOWN
2025-06-12 05:24:00+00:00,Oklahoma City vs Indiana Winner?,32.93%,32.93,-0.07000000000000028,DOWN
2025-06-12 15:00:00+00:00,Oklahoma City vs Indiana Winner?,32.03%,32.03,-0.9699999999999989,DOWN
2025-06-12 15:00:00+00:00,Oklahoma City vs Indiana Winner?,32.03%,32.03,-0.9699999999999989,DOWN
2025-06-12 15:01:00+00:00,Oklahoma City vs Indiana Winner?,32.03%,32.03,-0.9699999999999989,DOWN
2025-06-12 15:01:00+00:00,Oklahoma City vs Indiana Winner?,32.03%,32.03,-0.9699999999999989,DOWN
2025-06-12 15:02:00+00:00,Oklahoma City vs Indiana Winner?,32.03%,32.03,-0.9699999999999989,DOWN
2025-06-12 15:02:00+00:00,Oklahoma City vs Indiana Winner?,32.03%,32.03,-0.9699999999999989,DOWN
2025-06-12 15:03:00+00:00,Oklahoma City vs Indiana Winner?,32.03%,32.03,-0.9699999999999989,DOWN
2025-06-12 15:03:00+00:00,Oklahoma City vs Indiana Winner?,32.03%,32.03,-0.9699999999999989,DOWN
2025-06-12 15:20:00+00:00,Oklahoma City vs Indiana Winner?,32.99%,32.99,-0.00999999999999801,DOWN
2025-06-12 15:20:00+00:00,Oklahoma City vs Indiana Winner?,32.99%,32.99,-0.00999999999999801,DOWN
2025-06-12 15:21:00+00:00,Oklahoma City vs Indiana Winner?,32.99%,32.99,-0.00999999999999801,DOWN
2025-06-12 15:21:00+00:00,Oklahoma City vs Indiana Winner?,32.99%,32.99,-0.00999999999999801,DOWN
2025-06-12 15:22:00+00:00,Oklahoma City vs Indiana Winner?,32.99%,32.99,-0.00999999999999801,DOWN
2025-06-12 15:22:00+00:00,Oklahoma City vs Indiana Winner?,32.99%,32.99,-0.00999999999999801,DOWN
2025-06-12 15:23:00+00:00,Oklahoma City vs Indiana Winner?,32.99%,32.99,-0.00999999999999801,DOWN
2025-06-12 15:23:00+00:00,Oklahoma City vs Indiana Winner?,32.99%,32.99,-0.00999999999999801,DOWN
2025-06-12 15:24:00+00:00,Oklahoma City vs Indiana Winner?,32.00%,32.0,-1.0,DOWN
2025-06-12 15:24:00+00:00,Oklahoma City vs Indiana Winner?,32.00%,32.0,-1.0,DOWN
2025-06-12 15:25:00+00:00,Oklahoma City vs Indiana Winner?,32.00%,32.0,-1.0,DOWN
2025-06-12 15:25:00+00:00,Oklahoma City vs Indiana Winner?,32.00%,32.0,-1.0,DOWN
2025-06-12 15:26:00+00:00,Oklahoma City vs Indiana Winner?,32.00%,32.0,-1.0,DOWN
2025-06-12 15:26:00+00:00,Oklahoma City vs Indiana Winner?,32.00%,32.0,-1.0,DOWN
2025-06-12 15:27:00+00:00,Oklahoma City vs Indiana Winner?,32.00%,32.0,-1.0,DOWN
2025-06-12 15:27:00+00:00,Oklahoma City vs Indiana Winner?,32.00%,32.0,-1.0,DOWN
2025-06-12 19:12:00+00:00,Oklahoma City vs Indiana Winner?,32.41%,32.41,-0.5900000000000034,DOWN
2025-06-12 19:12:00+00:00,Oklahoma City vs Indiana Winner?,32.41%,32.41,-0.5900000000000034,DOWN
2025-06-12 19:13:00+00:00,Oklahoma City vs Indiana Winner?,32.41%,32.41,-0.5900000000000034,DOWN
2025-06-12 19:13:00+00:00,Oklahoma City vs Indiana Winner?,32.41%,32.41,-0.5900000000000034,DOWN
2025-06-12 19:14:00+00:00,Oklahoma City vs Indiana Winner?,32.41%,32.41,-0.5900000000000034,DOWN
2025-06-12 19:14:00+00:00,Oklahoma City vs Indiana Winner?,32.41%,32.41,-0.5900000000000034,DOWN
2025-06-12 19:15:00+00:00,Oklahoma City vs Indiana Winner?,32.41%,32.41,-0.5900000000000034,DOWN
2025-06-12 19:15:00+00:00,Oklahoma City vs Indiana Winner?,32.41%,32.41,-0.5900000000000034,DOWN
2025-06-12 19:16:00+00:00,Oklahoma City vs Indiana Winner?,32.41%,32.41,-0.5900000000000034,DOWN
2025-06-12 19:16:00+00:00,Oklahoma City vs Indiana Winner?,32.41%,32.41,-0.5900000000000034,DOWN
2025-06-12 19:17:00+00:00,Oklahoma City vs Indiana Winner?,32.41%,32.41,-0.5900000000000034,DOWN
2025-06-12 19:17:00+00:00,Oklahoma City vs Indiana Winner?,32.41%,32.41,-0.5900000000000034,DOWN
2025-06-12 20:44:00+00:00,Oklahoma City vs Indiana Winner?,32.70%,32.7,-0.29999999999999716,DOWN
2025-06-12 20:44:00+00:00,Oklahoma City vs Indiana Winner?,32.70%,32.7,-0.29999999999999716,DOWN
2025-06-12 20:45:00+00:00,Oklahoma City vs Indiana Winner?,32.70%,32.7,-0.29999999999999716,DOWN
2025-06-12 20:45:00+00:00,Oklahoma City vs Indiana Winner?,32.70%,32.7,-0.29999999999999716,DOWN
2025-06-12 20:46:00+00:00,Oklahoma City vs Indiana Winner?,32.70%,32.7,-0.29999999999999716,DOWN
2025-06-12 20:46:00+00:00,Oklahoma City vs Indiana Winner?,32.70%,32.7,-0.29999999999999716,DOWN
2025-06-12 20:47:00+00:00,Oklahoma City vs Indiana Winner?,32.70%,32.7,-0.29999999999999716,DOWN
2025-06-12 20:47:00+00:00,Oklahoma City vs Indiana Winner?,32.70%,32.7,-0.29999999999999716,DOWN
2025-06-12 21:53:00+00:00,Oklahoma City vs Indiana Winner?,32.00%,32.0,-1.0,DOWN
2025-06-12 21:53:00+00:00,Oklahoma City vs Indiana Winner?,32.00%,32.0,-1.0,DOWN
2025-06-12 21:54:00+00:00,Oklahoma City vs Indiana Winner?,32.00%,32.0,-1.0,DOWN
2025-06-12 21:54:00+00:00,Oklahoma City vs Indiana Winner?,32.00%,32.0,-1.0,DOWN
2025-06-12 21:55:00+00:00,Oklahoma City vs Indiana Winner?,32.00%,32.0,-1.0,DOWN
2025-06-12 21:55:00+00:00,Oklahoma City vs Indiana Winner?,32.00%,32.0,-1.0,DOWN
2025-06-13 00:00:00+00:00,Oklahoma City vs Indiana Winner?,32.53%,32.53,-0.46999999999999886,DOWN
2025-06-13 00:00:00+00:00,Oklahoma City vs Indiana Winner?,32.53%,32.53,-0.46999999999999886,DOWN
2025-06-13 00:01:00+00:00,Oklahoma City vs Indiana Winner?,32.53%,32.53,-0.46999999999999886,DOWN
2025-06-13 00:01:00+00:00,Oklahoma City vs Indiana Winner?,32.53%,32.53,-0.46999999999999886,DOWN
2025-06-13 00:02:00+00:00,Oklahoma City vs Indiana Winner?,32.53%,32.53,-0.46999999999999886,DOWN
2025-06-13 00:02:00+00:00,Oklahoma City vs Indiana Winner?,32.53%,32.53,-0.46999999999999886,DOWN
2025-06-13 00:03:00+00:00,Oklahoma City vs Indiana Winner?,32.53%,32.53,-0.46999999999999886,DOWN
2025-06-13 00:03:00+00:00,Oklahoma City vs Indiana Winner?,32.53%,32.53,-0.46999999999999886,DOWN
2025-06-13 01:05:00+00:00,Oklahoma City vs Indiana Winner?,32.87%,32.87,-0.13000000000000256,DOWN
2025-06-13 01:05:00+00:00,Oklahoma City vs Indiana Winner?,32.87%,32.87,-0.13000000000000256,DOWN
2025-06-13 01:06:00+00:00,Oklahoma City vs Indiana Winner?,32.87%,32.87,-0.13000000000000256,DOWN
2025-06-13 01:06:00+00:00,Oklahoma City vs Indiana Winner?,32.87%,32.87,-0.13000000000000256,DOWN
2025-06-13 01:07:00+00:00,Oklahoma City vs Indiana Winner?,32.87%,32.87,-0.13000000000000256,DOWN
2025-06-13 01:07:00+00:00,Oklahoma City vs Indiana Winner?,32.87%,32.87,-0.13000000000000256,DOWN
2025-06-13 01:16:00+00:00,Oklahoma City vs Indiana Winner?,32.00%,32.0,-1.0,DOWN
2025-06-13 01:16:00+00:00,Oklahoma City vs Indiana Winner?,32.00%,32.0,-1.0,DOWN
2025-06-13 01:17:00+00:00,Oklahoma City vs Indiana Winner?,32.00%,32.0,-1.0,DOWN
2025-06-13 01:17:00+00:00,Oklahoma City vs Indiana Winner?,32.00%,32.0,-1.0,DOWN
2025-06-13 01:18:00+00:00,Oklahoma City vs Indiana Winner?,32.00%,32.0,-1.0,DOWN
2025-06-13 01:18:00+00:00,Oklahoma City vs Indiana Winner?,32.00%,32.0,-1.0,DOWN
2025-06-13 01:19:00+00:00,Oklahoma City vs Indiana Winner?,32.00%,32.0,-1.0,DOWN
2025-06-13 01:19:00+00:00,Oklahoma City vs Indiana Winner?,32.00%,32.0,-1.0,DOWN
2025-06-13 01:24:00+00:00,Oklahoma City vs Indiana Winner?,32.00%,32.0,-1.0,DOWN
2025-06-13 01:24:00+00:00,Oklahoma City vs Indiana Winner?,32.00%,32.0,-1.0,DOWN
2025-06-13 01:25:00+00:00,Oklahoma City vs Indiana Winner?,32.00%,32.0,-1.0,DOWN
2025-06-13 01:25:00+00:00,Oklahoma City vs Indiana Winner?,32.00%,32.0,-1.0,DOWN
2025-06-13 01:26:00+00:00,Oklahoma City vs Indiana Winner?,32.00%,32.0,-1.0,DOWN
2025-06-13 01:26:00+00:00,Oklahoma City vs Indiana Winner?,32.00%,32.0,-1.0,DOWN
2025-06-13 01:27:00+00:00,Oklahoma City vs Indiana Winner?,32.00%,32.0,-1.0,DOWN
2025-06-13 01:27:00+00:00,Oklahoma City vs Indiana Winner?,32.00%,32.0,-1.0,DOWN
2025-06-13 01:28:00+00:00,Oklahoma City vs Indiana Winner?,32.00%,32.0,-1.0,DOWN
2025-06-13 01:28:00+00:00,Oklahoma City vs Indiana Winner?,32.00%,32.0,-1.0,DOWN
2025-06-13 01:45:00+00:00,Oklahoma City vs Indiana Winner?,32.94%,32.94,-0.060000000000002274,DOWN
2025-06-13 01:45:00+00:00,Oklahoma City vs Indiana Winner?,32.94%,32.94,-0.060000000000002274,DOWN
2025-06-13 01:46:00+00:00,Oklahoma City vs Indiana Winner?,32.94%,32.94,-0.060000000000002274,DOWN
2025-06-13 01:46:00+00:00,Oklahoma City vs Indiana Winner?,32.94%,32.94,-0.060000000000002274,DOWN
2025-06-13 01:47:00+00:00,Oklahoma City vs Indiana Winner?,32.94%,32.94,-0.060000000000002274,DOWN
2025-06-13 01:47:00+00:00,Oklahoma City vs Indiana Winner?,32.94%,32.94,-0.060000000000002274,DOWN
2025-06-13 01:56:00+00:00,Oklahoma City vs Indiana Winner?,32.85%,32.85,-0.14999999999999858,DOWN
2025-06-13 01:56:00+00:00,Oklahoma City vs Indiana Winner?,32.85%,32.85,-0.14999999999999858,DOWN
2025-06-13 01:57:00+00:00,Oklahoma City vs Indiana Winner?,32.85%,32.85,-0.14999999999999858,DOWN
2025-06-13 01:57:00+00:00,Oklahoma City vs Indiana Winner?,32.85%,32.85,-0.14999999999999858,DOWN
2025-06-13 01:58:00+00:00,Oklahoma City vs Indiana Winner?,32.85%,32.85,-0.14999999999999858,DOWN
2025-06-13 01:58:00+00:00,Oklahoma City vs Indiana Winner?,32.85%,32.85,-0.14999999999999858,DOWN
2025-06-13 01:59:00+00:00,Oklahoma City vs Indiana Winner?,32.85%,32.85,-0.14999999999999858,DOWN
2025-06-13 01:59:00+00:00,Oklahoma City vs Indiana Winner?,32.85%,32.85,-0.14999999999999858,DOWN
2025-06-13 02:08:00+00:00,Oklahoma City vs Indiana Winner?,32.15%,32.15,-0.8500000000000014,DOWN
2025-06-13 02:08:00+00:00,Oklahoma City vs Indiana Winner?,32.15%,32.15,-0.8500000000000014,DOWN
2025-06-13 02:09:00+00:00,Oklahoma City vs Indiana Winner?,32.15%,32.15,-0.8500000000000014,DOWN
2025-06-13 02:09:00+00:00,Oklahoma City vs Indiana Winner?,32.15%,32.15,-0.8500000000000014,DOWN
2025-06-13 02:10:00+00:00,Oklahoma City vs Indiana Winner?,32.15%,32.15,-0.8500000000000014,DOWN
2025-06-13 02:10:00+00:00,Oklahoma City vs Indiana Winner?,32.15%,32.15,-0.8500000000000014,DOWN
2025-06-13 02:11:00+00:00,Oklahoma City vs Indiana Winner?,32.15%,32.15,-0.8500000000000014,DOWN
2025-06-13 02:11:00+00:00,Oklahoma City vs Indiana Winner?,32.15%,32.15,-0.8500000000000014,DOWN
2025-06-13 03:05:00+00:00,Oklahoma City vs Indiana Winner?,32.84%,32.84,-0.1599999999999966,DOWN
2025-06-13 03:05:00+00:00,Oklahoma City vs Indiana Winner?,32.84%,32.84,-0.1599999999999966,DOWN
2025-06-13 03:06:00+00:00,Oklahoma City vs Indiana Winner?,32.84%,32.84,-0.1599999999999966,DOWN
2025-06-13 03:06:00+00:00,Oklahoma City vs Indiana Winner?,32.84%,32.84,-0.1599999999999966,DOWN
2025-06-13 03:07:00+00:00,Oklahoma City vs Indiana Winner?,32.84%,32.84,-0.1599999999999966,DOWN
2025-06-13 03:07:00+00:00,Oklahoma City vs Indiana Winner?,32.84%,32.84,-0.1599999999999966,DOWN
2025-06-13 03:28:00+00:00,Oklahoma City vs Indiana Winner?,32.80%,32.8,-0.20000000000000284,DOWN
2025-06-13 03:28:00+00:00,Oklahoma City vs Indiana Winner?,32.80%,32.8,-0.20000000000000284,DOWN
2025-06-13 03:29:00+00:00,Oklahoma City vs Indiana Winner?,32.80%,32.8,-0.20000000000000284,DOWN
2025-06-13 03:29:00+00:00,Oklahoma City vs Indiana Winner?,32.80%,32.8,-0.20000000000000284,DOWN
2025-06-13 03:30:00+00:00,Oklahoma City vs Indiana Winner?,32.80%,32.8,-0.20000000000000284,DOWN
2025-06-13 03:30:00+00:00,Oklahoma City vs Indiana Winner?,32.80%,32.8,-0.20000000000000284,DOWN
2025-06-13 03:31:00+00:00,Oklahoma City vs Indiana Winner?,32.80%,32.8,-0.20000000000000284,DOWN
2025-06-13 03:31:00+00:00,Oklahoma City vs Indiana Winner?,32.80%,32.8,-0.20000000000000284,DOWN
2025-06-13 03:40:00+00:00,Oklahoma City vs Indiana Winner?,32.82%,32.82,-0.17999999999999972,DOWN
2025-06-13 03:40:00+00:00,Oklahoma City vs Indiana Winner?,32.82%,32.82,-0.17999999999999972,DOWN
2025-06-13 03:41:00+00:00,Oklahoma City vs Indiana Winner?,32.82%,32.82,-0.17999999999999972,DOWN
2025-06-13 03:41:00+00:00,Oklahoma City vs Indiana Winner?,32.82%,32.82,-0.17999999999999972,DOWN
2025-06-13 03:42:00+00:00,Oklahoma City vs Indiana Winner?,32.82%,32.82,-0.17999999999999972,DOWN
2025-06-13 03:42:00+00:00,Oklahoma City vs Indiana Winner?,32.82%,32.82,-0.17999999999999972,DOWN
2025-06-13 03:43:00+00:00,Oklahoma City vs Indiana Winner?,32.82%,32.82,-0.17999999999999972,DOWN
2025-06-13 03:43:00+00:00,Oklahoma City vs Indiana Winner?,32.82%,32.82,-0.17999999999999972,DOWN
2025-06-13 04:32:00+00:00,Oklahoma City vs Indiana Winner?,32.69%,32.69,-0.3100000000000023,DOWN
2025-06-13 04:32:00+00:00,Oklahoma City vs Indiana Winner?,32.69%,32.69,-0.3100000000000023,DOWN
2025-06-13 04:33:00+00:00,Oklahoma City vs Indiana Winner?,32.69%,32.69,-0.3100000000000023,DOWN
2025-06-13 04:33:00+00:00,Oklahoma City vs Indiana Winner?,32.69%,32.69,-0.3100000000000023,DOWN
2025-06-13 04:34:00+00:00,Oklahoma City vs Indiana Winner?,32.69%,32.69,-0.3100000000000023,DOWN
2025-06-13 04:34:00+00:00,Oklahoma City vs Indiana Winner?,32.69%,32.69,-0.3100000000000023,DOWN
2025-06-13 04:35:00+00:00,Oklahoma City vs Indiana Winner?,32.69%,32.69,-0.3100000000000023,DOWN
2025-06-13 04:35:00+00:00,Oklahoma City vs Indiana Winner?,32.69%,32.69,-0.3100000000000023,DOWN
2025-06-13 04:56:00+00:00,Oklahoma City vs Indiana Winner?,32.36%,32.36,-0.6400000000000006,DOWN
2025-06-13 04:56:00+00:00,Oklahoma City vs Indiana Winner?,32.36%,32.36,-0.6400000000000006,DOWN
2025-06-13 04:57:00+00:00,Oklahoma City vs Indiana Winner?,32.36%,32.36,-0.6400000000000006,DOWN
2025-06-13 04:57:00+00:00,Oklahoma City vs Indiana Winner?,32.36%,32.36,-0.6400000000000006,DOWN
2025-06-13 04:58:00+00:00,Oklahoma City vs Indiana Winner?,32.36%,32.36,-0.6400000000000006,DOWN
2025-06-13 04:58:00+00:00,Oklahoma City vs Indiana Winner?,32.36%,32.36,-0.6400000000000006,DOWN
2025-06-13 04:59:00+00:00,Oklahoma City vs Indiana Winner?,32.36%,32.36,-0.6400000000000006,DOWN
2025-06-13 04:59:00+00:00,Oklahoma City vs Indiana Winner?,32.36%,32.36,-0.6400000000000006,DOWN
2025-06-13 06:30:00+00:00,Oklahoma City vs Indiana Winner?,32.00%,32.0,-1.0,DOWN
2025-06-13 06:30:00+00:00,Oklahoma City vs Indiana Winner?,32.00%,32.0,-1.0,DOWN
2025-06-13 06:31:00+00:00,Oklahoma City vs Indiana Winner?,32.00%,32.0,-1.0,DOWN
2025-06-13 06:31:00+00:00,Oklahoma City vs Indiana Winner?,32.00%,32.0,-1.0,DOWN
2025-06-13 06:49:00+00:00,Oklahoma City vs Indiana Winner?,32.90%,32.9,-0.10000000000000142,DOWN
2025-06-13 06:49:00+00:00,Oklahoma City vs Indiana Winner?,32.90%,32.9,-0.10000000000000142,DOWN
2025-06-13 06:50:00+00:00,Oklahoma City vs Indiana Winner?,32.90%,32.9,-0.10000000000000142,DOWN
2025-06-13 06:50:00+00:00,Oklahoma City vs Indiana Winner?,32.90%,32.9,-0.10000000000000142,DOWN
2025-06-13 06:51:00+00:00,Oklahoma City vs Indiana Winner?,32.90%,32.9,-0.10000000000000142,DOWN
2025-06-13 06:51:00+00:00,Oklahoma City vs Indiana Winner?,32.90%,32.9,-0.10000000000000142,DOWN
2025-06-13 14:36:00+00:00,Oklahoma City vs Indiana Winner?,32.97%,32.97,-0.030000000000001137,DOWN
2025-06-13 14:36:00+00:00,Oklahoma City vs Indiana Winner?,32.97%,32.97,-0.030000000000001137,DOWN
2025-06-13 14:37:00+00:00,Oklahoma City vs Indiana Winner?,32.97%,32.97,-0.030000000000001137,DOWN
2025-06-13 14:37:00+00:00,Oklahoma City vs Indiana Winner?,32.97%,32.97,-0.030000000000001137,DOWN
2025-06-13 14:38:00+00:00,Oklahoma City vs Indiana Winner?,32.97%,32.97,-0.030000000000001137,DOWN
2025-06-13 14:38:00+00:00,Oklahoma City vs Indiana Winner?,32.97%,32.97,-0.030000000000001137,DOWN
2025-06-13 14:39:00+00:00,Oklahoma City vs Indiana Winner?,32.97%,32.97,-0.030000000000001137,DOWN
2025-06-13 14:39:00+00:00,Oklahoma City vs Indiana Winner?,32.97%,32.97,-0.030000000000001137,DOWN
2025-06-13 14:48:00+00:00,Oklahoma City vs Indiana Winner?,32.99%,32.99,-0.00999999999999801,DOWN
2025-06-13 14:48:00+00:00,Oklahoma City vs Indiana Winner?,32.99%,32.99,-0.00999999999999801,DOWN
2025-06-13 14:49:00+00:00,Oklahoma City vs Indiana Winner?,32.99%,32.99,-0.00999999999999801,DOWN
2025-06-13 14:49:00+00:00,Oklahoma City vs Indiana Winner?,32.99%,32.99,-0.00999999999999801,DOWN
2025-06-13 14:50:00+00:00,Oklahoma City vs Indiana Winner?,32.99%,32.99,-0.00999999999999801,DOWN
2025-06-13 14:50:00+00:00,Oklahoma City vs Indiana Winner?,32.99%,32.99,-0.00999999999999801,DOWN
2025-06-13 14:51:00+00:00,Oklahoma City vs Indiana Winner?,32.99%,32.99,-0.00999999999999801,DOWN
2025-06-13 14:51:00+00:00,Oklahoma City vs Indiana Winner?,32.99%,32.99,-0.00999999999999801,DOWN
2025-06-13 15:04:00+00:00,Oklahoma City vs Indiana Winner?,32.96%,32.96,-0.03999999999999915,DOWN
2025-06-13 15:04:00+00:00,Oklahoma City vs Indiana Winner?,32.96%,32.96,-0.03999999999999915,DOWN
2025-06-13 15:05:00+00:00,Oklahoma City vs Indiana Winner?,32.96%,32.96,-0.03999999999999915,DOWN
2025-06-13 15:05:00+00:00,Oklahoma City vs Indiana Winner?,32.96%,32.96,-0.03999999999999915,DOWN
2025-06-13 15:06:00+00:00,Oklahoma City vs Indiana Winner?,32.96%,32.96,-0.03999999999999915,DOWN
2025-06-13 15:06:00+00:00,Oklahoma City vs Indiana Winner?,32.96%,32.96,-0.03999999999999915,DOWN
2025-06-13 15:07:00+00:00,Oklahoma City vs Indiana Winner?,32.96%,32.96,-0.03999999999999915,DOWN
2025-06-13 15:07:00+00:00,Oklahoma City vs Indiana Winner?,32.96%,32.96,-0.03999999999999915,DOWN
2025-06-13 16:00:00+00:00,Oklahoma City vs Indiana Winner?,32.99%,32.99,-0.00999999999999801,DOWN
2025-06-13 16:00:00+00:00,Oklahoma City vs Indiana Winner?,32.99%,32.99,-0.00999999999999801,DOWN
2025-06-13 16:01:00+00:00,Oklahoma City vs Indiana Winner?,32.99%,32.99,-0.00999999999999801,DOWN
2025-06-13 16:01:00+00:00,Oklahoma City vs Indiana Winner?,32.99%,32.99,-0.00999999999999801,DOWN
2025-06-13 16:02:00+00:00,Oklahoma City vs Indiana Winner?,32.99%,32.99,-0.00999999999999801,DOWN
2025-06-13 16:02:00+00:00,Oklahoma City vs Indiana Winner?,32.99%,32.99,-0.00999999999999801,DOWN
2025-06-13 16:03:00+00:00,Oklahoma City vs Indiana Winner?,32.99%,32.99,-0.00999999999999801,DOWN
2025-06-13 16:03:00+00:00,Oklahoma City vs Indiana Winner?,32.99%,32.99,-0.00999999999999801,DOWN
2025-06-13 16:12:00+00:00,Oklahoma City vs Indiana Winner?,32.95%,32.95,-0.04999999999999716,DOWN
2025-06-13 16:12:00+00:00,Oklahoma City vs Indiana Winner?,32.95%,32.95,-0.04999999999999716,DOWN
2025-06-13 16:13:00+00:00,Oklahoma City vs Indiana Winner?,32.95%,32.95,-0.04999999999999716,DOWN
2025-06-13 16:13:00+00:00,Oklahoma City vs Indiana Winner?,32.95%,32.95,-0.04999999999999716,DOWN
2025-06-13 16:14:00+00:00,Oklahoma City vs Indiana Winner?,32.95%,32.95,-0.04999999999999716,DOWN
2025-06-13 16:14:00+00:00,Oklahoma City vs Indiana Winner?,32.95%,32.95,-0.04999999999999716,DOWN
2025-06-13 16:15:00+00:00,Oklahoma City vs Indiana Winner?,32.95%,32.95,-0.04999999999999716,DOWN
2025-06-13 16:15:00+00:00,Oklahoma City vs Indiana Winner?,32.95%,32.95,-0.04999999999999716,DOWN
2025-06-13 16:16:00+00:00,Oklahoma City vs Indiana Winner?,32.97%,32.97,-0.030000000000001137,DOWN
2025-06-13 16:16:00+00:00,Oklahoma City vs Indiana Winner?,32.97%,32.97,-0.030000000000001137,DOWN
2025-06-13 16:17:00+00:00,Oklahoma City vs Indiana Winner?,32.97%,32.97,-0.030000000000001137,DOWN
2025-06-13 16:17:00+00:00,Oklahoma City vs Indiana Winner?,32.97%,32.97,-0.030000000000001137,DOWN
2025-06-13 16:18:00+00:00,Oklahoma City vs Indiana Winner?,32.97%,32.97,-0.030000000000001137,DOWN
2025-06-13 16:18:00+00:00,Oklahoma City vs Indiana Winner?,32.97%,32.97,-0.030000000000001137,DOWN
2025-06-13 16:19:00+00:00,Oklahoma City vs Indiana Winner?,32.97%,32.97,-0.030000000000001137,DOWN
2025-06-13 16:19:00+00:00,Oklahoma City vs Indiana Winner?,32.97%,32.97,-0.030000000000001137,DOWN
2025-06-13 16:52:00+00:00,Oklahoma City vs Indiana Winner?,32.96%,32.96,-0.03999999999999915,DOWN
2025-06-13 16:52:00+00:00,Oklahoma City vs Indiana Winner?,32.96%,32.96,-0.03999999999999915,DOWN
2025-06-13 16:53:00+00:00,Oklahoma City vs Indiana Winner?,32.96%,32.96,-0.03999999999999915,DOWN
2025-06-13 16:53:00+00:00,Oklahoma City vs Indiana Winner?,32.96%,32.96,-0.03999999999999915,DOWN
2025-06-13 16:54:00+00:00,Oklahoma City vs Indiana Winner?,32.96%,32.96,-0.03999999999999915,DOWN
2025-06-13 16:54:00+00:00,Oklahoma City vs Indiana Winner?,32.96%,32.96,-0.03999999999999915,DOWN
2025-06-13 16:55:00+00:00,Oklahoma City vs Indiana Winner?,32.96%,32.96,-0.03999999999999915,DOWN
2025-06-13 16:55:00+00:00,Oklahoma City vs Indiana Winner?,32.96%,32.96,-0.03999999999999915,DOWN
2025-06-13 17:40:00+00:00,Oklahoma City vs Indiana Winner?,32.85%,32.85,-0.14999999999999858,DOWN
2025-06-13 17:40:00+00:00,Oklahoma City vs Indiana Winner?,32.85%,32.85,-0.14999999999999858,DOWN
2025-06-13 17:41:00+00:00,Oklahoma City vs Indiana Winner?,32.85%,32.85,-0.14999999999999858,DOWN
2025-06-13 17:41:00+00:00,Oklahoma City vs Indiana Winner?,32.85%,32.85,-0.14999999999999858,DOWN
2025-06-13 17:42:00+00:00,Oklahoma City vs Indiana Winner?,32.85%,32.85,-0.14999999999999858,DOWN
2025-06-13 17:42:00+00:00,Oklahoma City vs Indiana Winner?,32.85%,32.85,-0.14999999999999858,DOWN
2025-06-13 17:43:00+00:00,Oklahoma City vs Indiana Winner?,32.85%,32.85,-0.14999999999999858,DOWN
2025-06-13 17:43:00+00:00,Oklahoma City vs Indiana Winner?,32.85%,32.85,-0.14999999999999858,DOWN
2025-06-13 17:44:00+00:00,Oklahoma City vs Indiana Winner?,32.99%,32.99,-0.00999999999999801,DOWN
2025-06-13 17:44:00+00:00,Oklahoma City vs Indiana Winner?,32.99%,32.99,-0.00999999999999801,DOWN
2025-06-13 17:45:00+00:00,Oklahoma City vs Indiana Winner?,32.99%,32.99,-0.00999999999999801,DOWN
2025-06-13 17:45:00+00:00,Oklahoma City vs Indiana Winner?,32.99%,32.99,-0.00999999999999801,DOWN
2025-06-13 17:46:00+00:00,Oklahoma City vs Indiana Winner?,32.99%,32.99,-0.00999999999999801,DOWN
2025-06-13 17:46:00+00:00,Oklahoma City vs Indiana Winner?,32.99%,32.99,-0.00999999999999801,DOWN
2025-06-13 17:47:00+00:00,Oklahoma City vs Indiana Winner?,32.99%,32.99,-0.00999999999999801,DOWN
2025-06-13 17:47:00+00:00,Oklahoma City vs Indiana Winner?,32.99%,32.99,-0.00999999999999801,DOWN
2025-06-13 18:04:00+00:00,Oklahoma City vs Indiana Winner?,32.98%,32.98,-0.020000000000003126,DOWN
2025-06-13 18:04:00+00:00,Oklahoma City vs Indiana Winner?,32.98%,32.98,-0.020000000000003126,DOWN
2025-06-13 18:05:00+00:00,Oklahoma City vs Indiana Winner?,32.98%,32.98,-0.020000000000003126,DOWN
2025-06-13 18:05:00+00:00,Oklahoma City vs Indiana Winner?,32.98%,32.98,-0.020000000000003126,DOWN
2025-06-13 18:06:00+00:00,Oklahoma City vs Indiana Winner?,32.98%,32.98,-0.020000000000003126,DOWN
2025-06-13 18:06:00+00:00,Oklahoma City vs Indiana Winner?,32.98%,32.98,-0.020000000000003126,DOWN
2025-06-13 18:07:00+00:00,Oklahoma City vs Indiana Winner?,32.98%,32.98,-0.020000000000003126,DOWN
2025-06-13 18:07:00+00:00,Oklahoma City vs Indiana Winner?,32.98%,32.98,-0.020000000000003126,DOWN
2025-06-13 18:32:00+00:00,Oklahoma City vs Indiana Winner?,32.97%,32.97,-0.030000000000001137,DOWN
2025-06-13 18:32:00+00:00,Oklahoma City vs Indiana Winner?,32.97%,32.97,-0.030000000000001137,DOWN
2025-06-13 18:33:00+00:00,Oklahoma City vs Indiana Winner?,32.97%,32.97,-0.030000000000001137,DOWN
2025-06-13 18:33:00+00:00,Oklahoma City vs Indiana Winner?,32.97%,32.97,-0.030000000000001137,DOWN
2025-06-13 18:34:00+00:00,Oklahoma City vs Indiana Winner?,32.97%,32.97,-0.030000000000001137,DOWN
2025-06-13 18:34:00+00:00,Oklahoma City vs Indiana Winner?,32.97%,32.97,-0.030000000000001137,DOWN
2025-06-13 18:35:00+00:00,Oklahoma City vs Indiana Winner?,32.97%,32.97,-0.030000000000001137,DOWN
2025-06-13 18:35:00+00:00,Oklahoma City vs Indiana Winner?,32.97%,32.97,-0.030000000000001137,DOWN
2025-06-13 18:44:00+00:00,Oklahoma City vs Indiana Winner?,33.39%,33.39,0.39000000000000057,UP
2025-06-13 18:44:00+00:00,Oklahoma City vs Indiana Winner?,33.39%,33.39,0.39000000000000057,UP
2025-06-13 18:45:00+00:00,Oklahoma City vs Indiana Winner?,33.39%,33.39,0.39000000000000057,UP
2025-06-13 18:45:00+00:00,Oklahoma City vs Indiana Winner?,33.39%,33.39,0.39000000000000057,UP
2025-06-13 18:46:00+00:00,Oklahoma City vs Indiana Winner?,33.39%,33.39,0.39000000000000057,UP
2025-06-13 18:46:00+00:00,Oklahoma City vs Indiana Winner?,33.39%,33.39,0.39000000000000057,UP
2025-06-13 18:47:00+00:00,Oklahoma City vs Indiana Winner?,33.39%,33.39,0.39000000000000057,UP
2025-06-13 18:47:00+00:00,Oklahoma City vs Indiana Winner?,33.39%,33.39,0.39000000000000057,UP
2025-06-13 18:48:00+00:00,Oklahoma City vs Indiana Winner?,34.00%,34.0,1.0,UP
2025-06-13 18:48:00+00:00,Oklahoma City vs Indiana Winner?,34.00%,34.0,1.0,UP
2025-06-13 18:49:00+00:00,Oklahoma City vs Indiana Winner?,34.00%,34.0,1.0,UP
2025-06-13 18:49:00+00:00,Oklahoma City vs Indiana Winner?,34.00%,34.0,1.0,UP
2025-06-13 18:50:00+00:00,Oklahoma City vs Indiana Winner?,34.00%,34.0,1.0,UP
2025-06-13 18:50:00+00:00,Oklahoma City vs Indiana Winner?,34.00%,34.0,1.0,UP
2025-06-13 18:51:00+00:00,Oklahoma City vs Indiana Winner?,34.00%,34.0,1.0,UP
2025-06-13 18:51:00+00:00,Oklahoma City vs Indiana Winner?,34.00%,34.0,1.0,UP
2025-06-13 18:52:00+00:00,Oklahoma City vs Indiana Winner?,33.94%,33.94,0.9399999999999977,UP
2025-06-13 18:52:00+00:00,Oklahoma City vs Indiana Winner?,33.94%,33.94,0.9399999999999977,UP
2025-06-13 18:53:00+00:00,Oklahoma City vs Indiana Winner?,33.94%,33.94,0.9399999999999977,UP
2025-06-13 18:53:00+00:00,Oklahoma City vs Indiana Winner?,33.94%,33.94,0.9399999999999977,UP
2025-06-13 18:54:00+00:00,Oklahoma City vs Indiana Winner?,33.94%,33.94,0.9399999999999977,UP
2025-06-13 18:54:00+00:00,Oklahoma City vs Indiana Winner?,33.94%,33.94,0.9399999999999977,UP
2025-06-13 18:55:00+00:00,Oklahoma City vs Indiana Winner?,33.94%,33.94,0.9399999999999977,UP
2025-06-13 18:55:00+00:00,Oklahoma City vs Indiana Winner?,33.94%,33.94,0.9399999999999977,UP
2025-06-13 18:56:00+00:00,Oklahoma City vs Indiana Winner?,33.33%,33.33,0.3299999999999983,UP
2025-06-13 18:56:00+00:00,Oklahoma City vs Indiana Winner?,33.33%,33.33,0.3299999999999983,UP
2025-06-13 18:57:00+00:00,Oklahoma City vs Indiana Winner?,33.33%,33.33,0.3299999999999983,UP
2025-06-13 18:57:00+00:00,Oklahoma City vs Indiana Winner?,33.33%,33.33,0.3299999999999983,UP
2025-06-13 18:58:00+00:00,Oklahoma City vs Indiana Winner?,33.33%,33.33,0.3299999999999983,UP
2025-06-13 18:58:00+00:00,Oklahoma City vs Indiana Winner?,33.33%,33.33,0.3299999999999983,UP
2025-06-13 18:59:00+00:00,Oklahoma City vs Indiana Winner?,33.33%,33.33,0.3299999999999983,UP
2025-06-13 18:59:00+00:00,Oklahoma City vs Indiana Winner?,33.33%,33.33,0.3299999999999983,UP
2025-06-13 19:00:00+00:00,Oklahoma City vs Indiana Winner?,34.00%,34.0,1.0,UP
2025-06-13 19:00:00+00:00,Oklahoma City vs Indiana Winner?,34.00%,34.0,1.0,UP
2025-06-13 19:01:00+00:00,Oklahoma City vs Indiana Winner?,34.00%,34.0,1.0,UP
2025-06-13 19:01:00+00:00,Oklahoma City vs Indiana Winner?,34.00%,34.0,1.0,UP
2025-06-13 19:02:00+00:00,Oklahoma City vs Indiana Winner?,34.00%,34.0,1.0,UP
2025-06-13 19:02:00+00:00,Oklahoma City vs Indiana Winner?,34.00%,34.0,1.0,UP
2025-06-13 19:03:00+00:00,Oklahoma City vs Indiana Winner?,34.00%,34.0,1.0,UP
2025-06-13 19:03:00+00:00,Oklahoma City vs Indiana Winner?,34.00%,34.0,1.0,UP
2025-06-13 19:04:00+00:00,Oklahoma City vs Indiana Winner?,33.04%,33.04,0.03999999999999915,UP
2025-06-13 19:04:00+00:00,Oklahoma City vs Indiana Winner?,33.04%,33.04,0.03999999999999915,UP
2025-06-13 19:05:00+00:00,Oklahoma City vs Indiana Winner?,33.04%,33.04,0.03999999999999915,UP
2025-06-13 19:05:00+00:00,Oklahoma City vs Indiana Winner?,33.04%,33.04,0.03999999999999915,UP
2025-06-13 19:06:00+00:00,Oklahoma City vs Indiana Winner?,33.04%,33.04,0.03999999999999915,UP
2025-06-13 19:06:00+00:00,Oklahoma City vs Indiana Winner?,33.04%,33.04,0.03999999999999915,UP
2025-06-13 19:07:00+00:00,Oklahoma City vs Indiana Winner?,33.04%,33.04,0.03999999999999915,UP
2025-06-13 19:07:00+00:00,Oklahoma City vs Indiana Winner?,33.04%,33.04,0.03999999999999915,UP
2025-06-13 19:08:00+00:00,Oklahoma City vs Indiana Winner?,33.75%,33.75,0.75,UP
2025-06-13 19:08:00+00:00,Oklahoma City vs Indiana Winner?,33.75%,33.75,0.75,UP
2025-06-13 19:09:00+00:00,Oklahoma City vs Indiana Winner?,33.99%,33.99,0.990000000000002,UP
2025-06-13 19:09:00+00:00,Oklahoma City vs Indiana Winner?,33.99%,33.99,0.990000000000002,UP
2025-06-13 19:10:00+00:00,Oklahoma City vs Indiana Winner?,33.95%,33.95,0.9500000000000028,UP
2025-06-13 19:10:00+00:00,Oklahoma City vs Indiana Winner?,33.95%,33.95,0.9500000000000028,UP
2025-06-13 19:10:07.874000+00:00,Oklahoma City vs Indiana Winner?,33.95%,33.95,0.9500000000000028,UP
2025-06-13 19:10:07.874000+00:00,Oklahoma City vs Indiana Winner?,33.95%,33.95,0.9500000000000028,UP
